name,rating,title,text,date
Ismael Garrido Collantes,N/A,N/A,N/A,2025-09-26T16:55:04.000Z
Sarai Amador,N/A,N/A,N/A,2024-10-14T21:36:17.000Z
Eric Cano,N/A,N/A,N/A,2024-07-12T22:18:21.000Z
Mrx Ryz,N/A,N/A,N/A,2024-04-10T05:04:23.000Z
Ismael Garrido Collantes,N/A,N/A,"Se roban tus datos sin explicaci√≥n Recargue mi celular el dia 22, y para el dia 26 ya no tenia datos. Cabe mencionar qu√© solo dos veces lo he usado para ver tv y en ambos casos compr√© un paquete de datos ilimitados por 2 horas, y parece ser que a telcel le vale y se consume los datos normales. No soy el √∫nico, preguntando con compa√±eros, tienen exactamente el mismo problema. Haciendo portabilidad a otra compa√±√≠a pero ya. Estafadores26 de septiembre de 2025Opini√≥n espont√°nea",2025-09-26T16:55:04.000Z
YANNELI,N/A,N/A,Buenas tardes el servicio de ubicacion deficienteBuenas tardes el servicio de ubicacion no funciona de manera general 9 de septiembre de 2025Opini√≥n espont√°nea,2025-09-10T01:14:46.000Z
Renata,N/A,N/A,"Intent√© cambiar mi plan Telcel a uno‚Ä¶Intent√© cambiar mi plan Telcel a uno m√°s b√°sico ya que no estoy viviendo en M√©xico. Me dicen que tengo que ir f√≠sicamente a hacer el cambio de plan. No voy a regresar a M√©xico en un a√±o. ¬øPero para hacer la cancelaci√≥n s√≠ se puede hacer por tel√©fono?!¬øCu√°l es su l√≥gica? Son unos hip√≥critas. Su servicio al cliente es igual que nuestro pa√≠s, tercermundista. Como no les da pena. Es un fastidio total cualquier interacci√≥n que he tenido con ustedes desde hace m√°s de 15 a√±os de ser cliente. No entiendo por qu√© es tan complicado todo esto, por qu√© no actualizan su aplicaci√≥n, que es terrible para usar, al igual que su portal. Me impresiona lo cuadrado que son para hacer cambios y para tener diferentes soluciones. 4 de septiembre de 2025Opini√≥n espont√°nea",2025-09-04T16:40:52.000Z
Yerik Uriel Chore√±o Ibarra,N/A,N/A,"Una basura Una basura , los paquetes no duran nada , son caros sus costos , excesivamente lentos , un paquete de 100 no dura ni una semana y tambi√©n se te acaba con una sola canci√≥n en Spotify 25 de agosto de 2025Opini√≥n espont√°nea",2025-08-26T05:30:44.000Z
Zhuray L√≥pez,N/A,N/A,"LadronesTelcel tiene para recargas un juego de palabras confuso que te lleva a poner dinero en Paquete o Saldo,si por confusi√≥n pones saldo,(y es muy f√°cil confindirse pues una p√°gina te lleva a la otra)este lo puedes llegar a gastar en un d√≠a, literalmente, de manera inexplicable. Ya me ha pasado varias veces con recargas de 200$8 de agosto de 2025Opini√≥n espont√°nea",2025-08-09T07:09:09.000Z
Jimena Cajiga V√°zquez,N/A,N/A,"Muy malaMuy mala, tienen muy mal servicio al cliente, sus canales de comunicaci√≥n son obsoletos.El asesor en sucursal te dice una cosa y su servicio y sus mensajes telef√≥nicos otra. Sobre todo me sorprende sus procesos obsoletos, burocr√°ticos, siento una empresa de telecomunicaci√≥n25 de junio de 2025Opini√≥n espont√°nea",2025-06-26T01:34:26.000Z
Shey Cid,N/A,N/A,"Mediocre e incompetente servicio.Mediocre e incompetente servicio.Cambie mi plan de pospago a prepago, porque me cobraban de m√°s y tienen la ‚Äúfianza anual‚Äù, un robo total, que nunca te devuelven, supuestamente es por si no pagas. Fui al centro de servicio para solicitar el cambio, ya que no se puede hacer v√≠a telef√≥nica. Le coment√© a la se√±orita que no quer√≠a que me hicieran un cargo doble por la domiciliaci√≥n, le pregunt√© varias veces y evitar el cobro doble y la complicaci√≥n, mismo que al d√≠a siguiente pas√≥, me hicieron un cargo doble. Es un v√≠a crusis solicitar el reembolso, que debe ser por Mail, siempre te escribe una persona diferente, no leen el hilo de la conversaci√≥n y solicitan nuevamente la informaci√≥n con alguna ligera variaci√≥n, cuando se env√≠o previamente la informaci√≥n solicitada en el primer contacto.  Adem√°s solicitan todo el estado de cuenta, sin omitir p√°ginas o tachaduras.  Qu√© invasi√≥n a la privacidad. Ellos tienen en su sistema el monto y quieren ver todas tus compras del mes. Supuestamente para tener la informaci√≥n de la TC a la cual se devolver√° el monto. Con la primera p√°gina es m√°s que suficiente. Adem√°s, te hacen esperar a que salga la siguiente facturaci√≥n para iniciar con el tr√°mite que lleva de 10-15 d√≠as H√ÅBILES.   Mientras, ellos gozan del dinero. Multipl√≠calo por miles de personas que est√°n como yo, con detalles iguales o similares. 20 de junio de 2025Opini√≥n espont√°nea",2025-06-21T00:52:13.000Z
Edwin P√©rez P√©rez,N/A,N/A,Vaya asquerosidad de se√±alVaya asquerosidad de se√±alFunciona pesimo18 de junio de 2025Opini√≥n espont√°nea,2025-06-18T16:54:50.000Z
Maryalejandra Montiel,N/A,N/A,te obligan a cambiar de planCompr√© un iphone que no usa sinc y me obligan a cambiar mii plan prepago a pospago para podermelo activar. Mi experiencia en pospago es terrible porque te hacen cargos que a veces no reconoces. La opci√≥n es cambiarme de proveedor o a fuerza cambiarme de plan. de haber sabido esto JAMAS hubiera contratado Telcel6 de junio de 2025Opini√≥n espont√°nea,2025-06-06T22:18:16.000Z
Andoni,N/A,N/A,"Simplemente es una basura..Simplemente es una basura... Tengo un amigo sin datos al que intento recargar el paquete de 4 horas de datos, tengo que meter los datos 20 veces para que por fin me deje pagar... Basura simplemente basura...3 de junio de 2025Opini√≥n espont√°nea",2025-06-03T19:36:45.000Z
Manuel Cano,N/A,N/A,"Es la peor compa√±√≠a Es la peor compa√±√≠a , groseros prepotentes son sus empleados , creen que le est√°n haciendo un favor a sus clientes por hablar con ellos 25 de marzo de 2025Opini√≥n espont√°nea",2025-03-26T00:49:31.000Z
Isabel Falak,N/A,N/A,"Son unos ratasSon unos ratas, jam√°s volver√≠a a tener plan en esa compa√±√≠a, muertos de hambre; desde noviembre empezaron a cobrar como locos hasta enero, claro ten√≠an que cubrir aguinaldos.28 de febrero de 2025Opini√≥n espont√°nea",2025-03-04T21:14:24.000Z
Fabian,N/A,N/A,Es una porquer√≠a con los gb en plan sin‚Ä¶Es una porquer√≠a con los gb en plan sin limite Que decepci√≥n 15 de febrero de 2025Opini√≥n espont√°nea,2025-02-15T08:53:37.000Z
Rodrigo Arce,N/A,N/A,"Telcel huele a naftalina.Telcel es una marca que no evoluciona con todos los beneficios a los que tiene alcance; fuera que su se√±al sea masomenos respecto a que en algunos lugares funciona m√°s y en otro menos, pero si est√°s fuera del pa√≠s y dependes de una l√≠nea telef√≥nica para banca m√≥vil o en l√≠nea con los bancos que trabajes, est√°s jodido. Su pobre tecnolog√≠a se limita a tener que ir a sus arcaicos centros de atenci√≥n; peor es el asunto de los pobres agentes de servicio en l√≠nea telef√≥nica que no saben solucionar problemas ni guiar, s√≥lo se dedican a desinformar, colgarte y a perder el tiempo de una manera rid√≠cula y en cadena. Despu√©s de 28 llamadas y 4 horas perdidas donde parec√≠a que hab√≠a una soluci√≥n, finalmente no hay ninguna. Es una empresa que no se esfuerza por sus clientes, sino que es una marca ego√≠sta en el sentido comercial. Ojal√° que entrando AWS al pa√≠s, les interese evolucionar en beneficio de sus clientes. Mientras tanto, sigan siendo mediocres con su incapacitado servicio. 14 de enero de 2025Opini√≥n espont√°nea",2025-01-15T23:29:41.000Z
AnaM Mmmm,N/A,N/A,"No contraten Telcel p√©sima red de‚Ä¶No contraten Telcel p√©sima red de internet en casa, te cobran tu plan pero aparece tu l√≠nea en 0 casi todo el mes solo te la activan como dos d√≠as y luego marcas a soporte t√©cnico y no la arreglan es pagar en vano si pueden consigan una mejor opci√≥n he escuchado que la CFE tiene planes de internet en casa mucho m√°s eficientes que Telcel as√≠ que repiten no lo contraten y si lo tienen c√°mbienlo por uno que si sirva Telcel es p√©sima opci√≥n 9 de enero de 2025Opini√≥n espont√°nea",2025-01-10T00:07:15.000Z
DYLAND SEBASTIAN SANCHEZ ALVAR,N/A,N/A,"Excelente empresa,muy buena atenci√≥n al‚Ä¶Excelente empresa,muy buena atenci√≥n al cliente üòâ1 de noviembre de 2024Opini√≥n espont√°nea",2024-11-25T02:05:37.000Z
Gris Gomez,N/A,N/A,"No contraten plan telcel Yo contrate un plan con equipo al inicio el asesor me dio una cantidad que pagaria mensualmente, cuando me llego la primer factura llego otro importe, despues una mensualidad me llego de mas, fui a telcel y fue un cargo por anualidad de casi 300 pesos, y nada de eso me explicaron cuando contrate el plan. mi recomendacion es compren un equipo aparte y solo el plan de telefonia a parte, con la compa√±ia que deseen de todas formas todas son iguales. 30 de octubre de 2024Opini√≥n espont√°nea",2024-10-30T20:55:56.000Z
Sarai Amador,N/A,N/A,Telcel es bueno depende mucho como uses‚Ä¶Telcel es bueno depende mucho como uses si por prepago o plan Porq luego ellos ofrecen planes seg√∫n ellos q te dicen q te conviene pero si te llegas a trasar en su plan ya olvidate q vas a poder recuperar tu num ya qu√© en autom√°tico ellos se lo quedan y luego terminan vendiendo tu num  a otros clientes Si usas de prepago que son las recargas pues ya cada quien le pone lo q uno quiere ya sea para navegar o llamadas ya uno tiene m√°s control en eso porq tu sabes cu√°nto le pondr√°s cada tiempo 14 de octubre de 2024Opini√≥n espont√°nea,2024-10-14T21:36:17.000Z
Lizbeth Yamileth Flores Salina,N/A,N/A,"Cambiar√© de compa√±√≠aPuse una recarga de 200, pero como ten√≠a activadas las recargas autom√°ticas se puso una de 50 y perd√≠ los 200 pesos, ya que en vez de sumar lo q tienes de ambos paquetes, lo remplazan :/30 de septiembre de 2024Opini√≥n espont√°nea",2024-09-30T18:43:03.000Z
Arturo,N/A,N/A,En atenci√≥n a clientes En atenci√≥n a clientes van dos personas que ni te ven a la cara son muy groseros y prepotentes m√°s los hombres no te dan opciones te contestan mal como si les fueras a pedir un favor 22 de julio de 2024Opini√≥n espont√°nea,2024-09-19T22:02:41.000Z
Ismael Garrido Collantes,N/A,N/A,N/A,2025-09-26T16:55:04.000Z
Sarai Amador,N/A,N/A,N/A,2024-10-14T21:36:17.000Z
Eric Cano,N/A,N/A,N/A,2024-07-12T22:18:21.000Z
Mrx Ryz,N/A,N/A,N/A,2024-04-10T05:04:23.000Z
Santiago Humberto,N/A,N/A,"Buena empresa,y el que se atreva a‚Ä¶Buena empresa,y el que se atreva a darle una calificaci√≥n negativa ser√° reportado y su calificaci√≥n ser√° denunciada,veran,es buena empresa,a√∫n que el √∫nico punto malo es que se requieren n√∫meros y car√°cteres especiales,el fin,üò°ü§¨üò†,el que se atreva a darle una calificaci√≥n negativa,ser√° denunciada,aqu√≠ en mi comunidad, es la √∫nica, F√çJENSE BIEN,la √∫nica empresa telef√≥nica que funciona bien,no se que piensen los dem√°s,as√≠ que,üòØüò∂,yo siempre veo los comentarios negativos,y los voy a denunciar todosüëªüßõüßõ‚Äç‚ôÄÔ∏èüßõ‚Äç‚ôÇÔ∏è.7 de septiembre de 2024Opini√≥n espont√°nea",2024-09-08T01:15:47.000Z
francisco linares cervantes,N/A,N/A,Es una porqueria de se√±al navego‚Ä¶Es una porqueria de se√±al navego much√≠simo para que me agarre se√±al siendo una compa√±ia tan grande y tan p√©simo servicio deber√≠an mejorar su servicio muy malo6 de septiembre de 2024Opini√≥n espont√°nea,2024-09-06T20:18:36.000Z
Joel Enrique Correa Suarez,N/A,N/A,Ya manden una bomba a Carlos Slim no‚Ä¶Ya manden una bomba a Carlos Slim no ayudan26 de agosto de 2024Opini√≥n espont√°nea,2024-08-27T03:28:38.000Z
Braiton Eduardo Torres Camacho,N/A,N/A,Es una porquer√≠a de servicio en cuanto‚Ä¶Es una porquer√≠a de servicio en cuanto a su app que no sirve para nada y sus activaci√≥nes de paquetes que tardan horas. 24 de agosto de 2024Opini√≥n espont√°nea,2024-08-24T18:27:57.000Z
Juan Jose Sieira Tubio,N/A,N/A,Compra de la sim en aeropuerto en‚Ä¶Compra de la sim en aeropuerto en Ciudad de Mexico.Despues de 4 semanas la instalo y el saldo esta agotado.Es eso normal???14 de agosto de 2024Opini√≥n espont√°nea,2024-08-14T23:41:38.000Z
Eric Cano,N/A,N/A,"La cobertura es buena ,,no ExelenteLa cobertura es buena ,,no Exelente, su pagos son muy altos ,.el servicio al cliente es espantoso, tengo plan y antes que se termine el plan es decir 10 d√≠as antes est√°n mande mande mande mensaje que se va termina lo cual es fastidioso,.estresante,. Lo pagas quieres escuchar tus mensajes dice haga una recarga si se supone que ya pagastes ,. La calific√≥ como 6 no cubre muchas cosas ojal√° uniera variedad para as√≠ tener mejor tratos8 de julio de 2024Opini√≥n espont√°nea",2024-07-12T22:18:21.000Z
Jes√∫s Arturo Mart√≠nez Moreno,N/A,N/A,"He contratado con telcel desde que‚Ä¶He contratado con telcel desde que tengo mi primer celular. Siempre he tenido de las peores experiencias en cuanto a servicio en general se refiere.Nunca contraten con ellos. La aplicaci√≥n es p√©sima, el servicio al cliente igual, s√≥lo piensan en venderte y cuando necesitas su apoyo se desaparecen. Es una porquer√≠a, una vez pague a√±os un seguro y no me lo hicieron v√°lido.TELCEL ES UNA BASURA.11 de junio de 2024Opini√≥n espont√°nea",2024-06-11T17:47:31.000Z
Ernesto Godinez,N/A,N/A,Una p√©sima se√±al tiene poco que cambie‚Ä¶Una p√©sima se√±al tiene poco que cambie de l√≠nea y me dejaron 2 d√≠as sin servicio al comunicarme al servicio al cliente su respuesta fue tenemos fallas en el sistema sin darme ninguna soluci√≥n 15 de abril de 2024Opini√≥n espont√°nea,2024-04-25T20:10:47.000Z
David Vargas,N/A,N/A,En serio telcel..En serio telcel... Por una recarga de 200 das 3 GB y por una de 500 das 6 GB. Por dos recargas de 200 tengo esos GB... Al parecer tus trabajadores son unos ineptos. 24 de abril de 2024Opini√≥n espont√°nea,2024-04-25T03:53:43.000Z
capitan furiassasin,N/A,N/A,Tengo un problema la l√≠nea se bloqueo‚Ä¶Tengo un problema la l√≠nea se bloqueo por completo....no puedo hacer llamadas ni mandar mensajes..... tampoco me pueden llamar... tampoco llega los mensajes 11 de abril de 2023Opini√≥n espont√°nea,2024-04-11T12:08:02.000Z
Mrx Ryz,N/A,N/A,"la peor atenci√≥nla peor atenci√≥n, el peor servicio, para mi experiencia con telcel fue la peor decisi√≥n haber contratado esa compa√±√≠a en plan forzoso. nunca contraten con telcel. se te llega a pasar el pago y te bloquean el equipo, ni siquiera para usar whats app para alguna emergencia ni nada en general. el celular queda completamente bloqueado sin poder usarlo hasta pagar la tarifa. cosa que no sucede con otras compa√±√≠as como at&t y movistar hasta donde tengo entendido. un p√©simo servicio en elinea. ni siquiera funciona en estos momentos la app para poder pagar el servicio ni tampoco en linea. h√°ganse y h√°ganle un favor a M√©xico y no consuman nada en telcel.  9 de abril de 2024Opini√≥n espont√°nea",2024-04-10T05:04:23.000Z
pati tamayo,N/A,N/A,"Es una empresa de üí©Es una empresa de üí©, adquiri un equipo en esa seudo empresa, pagando al contado, y realizaba recargas, nunca he adquirido un plan porque son muy ratas y a pesar de lo anterior me inhabilitaron el tel√©fono, ya fui a atenci√≥n a clientes y llame a  telcel contestando la se√±ora ALONDRA ROMERO, diciendo que no tengo adeudos, pero no puede habilitarme el tel√©fono. Ese Carlos Slim es una rata de la misma cala√±a que el salinas Pliego, jam√°s vuelvo a comprar un equipo en esa basura de tienda, ahora a comprar otro, solo me dur√≥ seis meses el tel√©fono, seg√∫n modelo reciente y me los inhabilitaron por no tener adeudos. No debo nada. üêÄ üêÄ üêÄ üêÄ üêÄ üêÄ üêÄ RATAS 31 de marzo de 2024Opini√≥n espont√°nea",2024-04-02T02:15:30.000Z
o,N/A,N/A,"cobros excesivos y datos no funcionanson mal√≠simos, aunque no hayas usado datos te cobran como si te hubieras excedido y cuando s√≠ los necesitas nunca funcionan, adem√°s cuando te quieres comunicar con servicio al cliente se tardan una eternidad para atenderte y al final no te solucionan nada12 de marzo de 2024Opini√≥n espont√°nea",2024-03-12T20:50:38.000Z
Anyelin Mateos,N/A,N/A,"P√©simo se queda corto.Terrible, estuve pagando un plan por un tiempo y no me dejaba hacer llamadas, no ten√≠a servicio la mayor√≠a del tiempo y mis ‚Äúdatos ilimitados‚Äù no funcionaban. Luego me dijeron que el plan no funcionaba fuera del pa√≠s a menos que fuera corto plazo, cuando supuestamente ‚Äúfunciona para Estados Unidos y Canad√°‚Äù   No me advirtieron antes de contratar el plan y cuando fui a reclamar no me solucionaron nada ni me devolvieron un s√≥lo peso. P√©simo.8 de febrero de 2024Opini√≥n espont√°nea",2024-02-09T03:16:20.000Z
Alfonso Gutierrez,N/A,N/A,"Una porqueria de servicio fue al centro‚Ä¶Una porqueria de servicio fue al centro de atencion a SOLO cambiar mi modem por uno nuevo oh sorpresa que aparte de que el equipo es una basura supuestamente modem Q5G y no me informaron que entraba en un nuevo contrato el wey del mostrador en el centro de atencion telcel GALERIAS AGUASCALIENTES, dijo que solo era firmar la garantia y ahora estoy en un contrato a dos a√±os aparte el wey que me atendio se quedo con mis datos de mi tarjeta de credito y no me dio de alta los pagos automaticos, estan utilizando mis datos bancarios para hacer fraude, ALEJENSE DE ESTA PORQUERIA DE EMPRESA sus empleados no terminaron ni el kinder no esperen una respuesta inteligente de parte de ellos, aparte te contestan y CUELGAN la llamada, dejare de pagar mi factura mensual, Belen fue la unica decente persona que pudo ayudarme y fue paciente a ella le doy 10 estrellas ‚òÖ‚òÖ‚òÖ‚òÖ‚òÖ15 de enero de 2024Opini√≥n espont√°nea",2024-01-18T17:06:17.000Z
Dan De Jesus Rios,N/A,N/A,Ni deber√≠a se darle una estrella por‚Ä¶Ni deber√≠a se darle una estrella por que no saben escuchar. Estoy en movistar y me retuvieron para ver si me convenc√≠an de cambiar mi compa√±√≠a y me negu√© y me dijieron que mandar√≠an un mensaje a mi tel√©fono para ver si me interesaba cambiarme.. me cambiaron de compa√±√≠a mal servicio no recomiendo telcel espero que algunos trabajadores de las compa√±√≠as presten atenci√≥n11 de enero de 2024Opini√≥n espont√°nea,2024-01-15T01:21:26.000Z
Alee Perez,N/A,N/A,"P√©simo internet inal√°mbricoP√©simo internet inal√°mbrico, lento. Con enga√±os que lo puedes dar de baja cuando ya no quieras el servicio pero en letras chicas te ponen plan forzoso y si lo das de baja antes del tiempo te quieren cobrar much√≠simo.9 de septiembre de 2023Opini√≥n espont√°nea",2024-01-04T01:52:35.000Z
Rebecca Viquez Kushelevich,N/A,N/A,"Estafadores!!Es un completo robo, en su sitio web, los planes ""amigo sin l√≠mite"" se anuncian como minutos, SMS y MB ilimitados en EU, M√©xico y Canad√°. Intent√© llamar y dec√≠a que mi saldo se hab√≠a agotado, me comuniqu√© con ellos y resulta que mi llamada a Estados Unidos no estaba incluida en mi paquete, tuve que realizar otra recarga al paquete ""Amigo"". As√≠ de incoherente.28 de noviembre de 2023Opini√≥n espont√°nea",2023-11-28T17:49:49.000Z
Mtz Maclish,N/A,N/A,El servicio que ofrece Telcel en sus‚Ä¶El servicio que ofrece Telcel en sus redes sociales gratis entre comillas porque est√°s pagando un paquete de recarga es una porquer√≠a los v√≠deos se ven todos pixelados las fotos no se cargan es una estafa cero recomiendo27 de noviembre de 2023Opini√≥n espont√°nea,2023-11-28T04:26:32.000Z
Consumer,N/A,N/A,Internet inal√°mbrico Telcel falla muchoInternet inal√°mbrico Telcel falla mucho a cada rato se cae el servicio y es muy lentoNo es confiable Cada a√±o te cobran una sobre cargo adicional a la renta mensual26 de noviembre de 2023Opini√≥n espont√°nea,2023-11-26T18:27:04.000Z
Ismael Garrido Collantes,N/A,N/A,N/A,2025-09-26T16:55:04.000Z
Sarai Amador,N/A,N/A,N/A,2024-10-14T21:36:17.000Z
Eric Cano,N/A,N/A,N/A,2024-07-12T22:18:21.000Z
Mrx Ryz,N/A,N/A,N/A,2024-04-10T05:04:23.000Z
Alex,N/A,N/A,"En el chat virtual de la app Telcel‚Ä¶En el chat virtual de la app Telcel tienen trabajando gente que solo roba informaci√≥n y te llaman de n√∫meros no oficiales, 5552626300 por si les llaman no contesten.31 de octubre de 2023Opini√≥n espont√°nea",2023-11-01T05:42:32.000Z
JORGE,N/A,N/A,"TELCEL SOIS UNOS HIJOS DE LA GRANDISIMA PU...TAESTOS HIJOS DE PU.... AMBICIOSOS GRACIAS A ELLOS LAS EMPRESAS SAMSUNG MOTOROLA ETC, ESTAn bloqueando CELULARES18 de octubre de 2023Opini√≥n espont√°nea",2023-10-21T22:50:54.000Z
L√≠an Casa√±a,N/A,N/A,"Hdpmprdos internet m√°s mierd@ ,es un‚Ä¶Hdpmprdos internet m√°s mierd@ ,es un asco se lo deber√≠an de meter por el cul@,malditos ladrones 100 pesos de internet para ni verg@.M√©xico en internet es lo peor en el mundo ,un asco total18 de octubre de 2023Opini√≥n espont√°nea",2023-10-19T15:13:23.000Z
Mary McKee,N/A,N/A,la opcion 0 debe estarla opcion 0 debe estar. No funciona casi nunca desde laptop ni telefono. Y que sentido tiene tener que activar un paquete por internet si no tienes internet... vergonzoso..14 de octubre de 2023Opini√≥n espont√°nea,2023-10-15T06:39:45.000Z
Dulce Vanessa,N/A,N/A,Telcel para m√≠ asido la mejor empresa‚Ä¶Telcel para m√≠ asido la mejor empresa de celulares de ella no tengo quejas buenas empresas buena se√±al buena calidad para ofrecer sus productos no me han fallado4 de octubre de 2023Opini√≥n espont√°nea,2023-10-08T03:55:17.000Z
Angela Celeste,N/A,N/A,"BATEO DE SU √ÅREA DE SERVICIO A ALGO SIMPLEHoy 29 de septiembre 2023 mi Vivo se qued√≥ oscuro y no encend√≠a teniendo menos de un a√±o de uso.  Acud√≠ a Servicio, el t√©cnico que supuestamente me atendi√≥ lo revis√≥ r√°pidamente y dio su veredicto: ""el celular est√° pasmado, se perdieron todos sus datos, no se puede abrir para quitar la bater√≠a y darle inicio, necesito la factura o la caja con el n√∫mero de serie, cuando lo tenga me lo deja 24 horas, si no se puede hacer nada hay que mandarlo al fabricante, pero definitivamente perdi√≥ todos sus datos"".  Junto con mi amiga fuimos a su casa para que su hijo es que psic√≥logo lo viera y en unos pocos pasos lo dej√≥ funcionando.  Era algo simple y el tipo de Servicio me la hizo cansada.  No se vale que traten tan mal a personas, especialmente de la tercera edad. ChAsuMa"""""".29 de septiembre de 2023Opini√≥n espont√°nea",2023-09-30T06:04:25.000Z
Ian Joshua Zu√±iga Sep√∫lveda,N/A,N/A,dejen de mandar notificaciones23 de agosto de 2023Opini√≥n espont√°nea,2023-08-23T23:49:07.000Z
Ariadna Mart√≠nez,N/A,N/A,"Amigo sin l√≠mite?Se fueron mis datos en Facebook en un paquete sin l√≠mite telcel. Ya hice la prueba de solo abrir Facebook sin links adicionales y efectivamente se gasta √∫nica y exclusivamente usando Facebook cuando se supone que entra en redes sociales ilimitadas. En un rato m√°s lo probar√© con WhatsAp, falta que tambi√©n se est√©n gastando ah√≠.31 de julio de 2023Opini√≥n espont√°nea",2023-08-01T05:57:02.000Z
Kevin N√∫√±ez,N/A,N/A,Y no que mierdasPutos  mierdes son unos putos estafadorea mierda me vendieron unos aud√≠fonos y que pinch mierds no se escuchnada por eso no sirven solo puta se√±al29 de mayo de 2023Opini√≥n espont√°nea,2023-05-29T23:10:04.000Z
ANTONIO FLORES,N/A,N/A,"Pasa tiempo solo te da 3 d√≠asOjo los pasa tiempos ya no te dan 10 d√≠as de vigencia ahora solo te dan 3 d√≠as, y no te lo dicen hasta que t√∫ te das cuenta con tu propio celular7 de mayo de 2023Opini√≥n espont√°nea",2023-05-10T00:55:40.000Z
Mari Tor perros dogo y mas,N/A,N/A,"Fatal odio Telcel!Fatal odio Telcel!! Te hacen cargos de forma ma√±osa, mandan un mensaje de texto diciendo que tienes cierta suscripci√≥n y te la quitan solo d√°ndolo de baja cuando t√∫ no lo solicitaste, cuando te hacen cargos No reconocidos no te aclaran de que fue...aahh pero si te atrasas unos d√≠as te quitan el servicio y te bloquean el equipo...NO LO RECOMIENDO, espero con ansias terminar mi plan ASCO DE CONPA√ëIA!!!!!29 de abril de 2023Opini√≥n espont√°nea",2023-04-29T15:20:13.000Z
Ernesto Mendez,N/A,N/A,"Fatal la falta de empatia y deseos de‚Ä¶Fatal la falta de empatia y deseos de ayudar a los clientes de plan, tienes que ofrecerle tu las opciones incluso as√≠ se niegan consultando supervisores que de ventas nada saben. Incluso le ofreces pagar 4 meses que quedan de plan forzoso porque solo te falta 1 para poder aplicar oferta de comprar un tel√©fono aun as√≠ se niegan o sea que ni pagando tus 4 meses restantes para culminar un plan forzoso aceptan, para incrementar tu pago a otro plan son de lo peor en todas las sucursales es igual en algunas m√°s groseros e incapaces que en otras. En plaza carso que deber√≠a ser excepci√≥n todos sentados les vale vender, incre√≠ble que esto suceda por eso cada vez tienen menos usuarios de plan. No hacen absolutamente nada por estimularlos y conservarlos. Deber√≠an irse todos al socialismo, es donde encajan perfectamente.3 de marzo de 2023Opini√≥n espont√°nea",2023-04-13T04:46:39.000Z
Maggie Hern√°ndez,N/A,N/A,"Nefasto el Internet telcel hogarNefasto el Internet telcel hogar,  llevo un mes, me cortaron el Internet antes del mes, trabajo desde casa y me generaron un gran problema con la empresa, y me est√°n cobrando dos meses. Ya he llamado a atenci√≥n a clientes y no me resuelven nada, ya que se con ese plan pagaba 500 al mes y ahora resulta que debo 1200. Es la peor porquer√≠a que he adquirido, no deber√≠a existir esta ""compa√±ia"" ratera, te enga√±an para que adquieras sus in√∫tiles productos. Estoy muy arrepentida de haberme acercado a esta ""empresa"" para resolver mi problema de Internet.12 de marzo de 2023Opini√≥n espont√°nea",2023-03-18T15:08:28.000Z
Nader,N/A,N/A,Una banda de ladrones y‚Ä¶Una banda de ladrones y rateros....cambia de compa√±√≠a carnal...10 de febrero de 2023Opini√≥n espont√°nea,2023-02-11T01:23:59.000Z
Marco Morquecho,N/A,N/A,"P√©simo servicioP√©simo servicio, ojal√° tomaran en cuenta estos comentarios, se tardan una eternidad para renovar, tiempo gastado e insatisfacci√≥n total.6 de febrero de 2023Opini√≥n espont√°nea",2023-02-06T21:54:56.000Z
Omar T√©llez,N/A,N/A,"Internet telcel es una porquer√≠aInternet telcel es una porquer√≠a.  Despu√©s de mucho intentar por todos los medios posibles obtener el servicio por el que estuve pagando,  no me qued√≥ otra opci√≥n que darlo de baja.13 de enero de 2023Opini√≥n espont√°nea",2023-01-14T05:41:14.000Z
Javier Escalante Idk,N/A,N/A,mal√≠sima compa√±√≠a la detesto29 de noviembre de 2022Opini√≥n espont√°nea,2022-11-29T21:54:58.000Z
Luis Brise√±o,N/A,N/A,"RaterosRateros, eso es lo que les define! Hice una recarga de $100.00 plan ilimitado por 15 d√≠as, seleccione el m√©todo de pago, la pagina se congelo (problema ajeno a mi) y no me dio el comprobante de cargo...Volv√≠ a procesar la operaci√≥n, misma que fue exitosa.10 d√≠as despu√©s vi un cargo doble de telcel en mi estado de cuenta el mismo d√≠a por lo que supuse que me dar√≠an 15 d√≠as del plan y al vencerse se activar√≠an otros 15 d√≠as... en si es lo por lo que yo pague al seleccionar los dos productos por los que se me cobro.Pues no, al termino de los primeros 15 d√≠as no se renov√≥ el plan y me dicen no pueden proceder, o sea que ya los perd√≠...Y no les importa que seas un cliente con varias y lineas y mas de 10 a√±os en plan con el mismo numero.No son los $100.00 que haya perdido, sino, la respuesta y atenci√≥n que como empresa ofrece.As√≠ que, a cambiar de compa√±√≠a!Mi inconformidad la publicare en los todos los medios posibles!!!Hasta en la pagina de PROFECO17 de noviembre de 2022Opini√≥n espont√°nea",2022-11-17T23:53:10.000Z
Jose Luis Tinajero,N/A,N/A,Pesimo servicioPesimo servicio. Se queman por $100. Recargue y no me dieron mi saldo. Llevo 5 dias con un folio y se lavaron las manos. Cambien de compa√±ia. Telcel una farza...16 de noviembre de 2022Opini√≥n espont√°nea,2022-11-16T23:01:24.000Z
Gerardo,N/A,N/A,"Tremenda porquer√≠a se est√° volviendo‚Ä¶Tremenda porquer√≠a se est√° volviendo Telcel, pr√≥ximamente cambiar√© de compa√±√≠a, le creer√≠a el servicio si fuera barato y ofrecieran muchos m√°s beneficios, todas las aplicaciones est√°n lentas31 de octubre de 2022Opini√≥n espont√°nea",2022-11-01T05:57:52.000Z
Ismael Garrido Collantes,N/A,N/A,N/A,2025-09-26T16:55:04.000Z
Sarai Amador,N/A,N/A,N/A,2024-10-14T21:36:17.000Z
Eric Cano,N/A,N/A,N/A,2024-07-12T22:18:21.000Z
Mrx Ryz,N/A,N/A,N/A,2024-04-10T05:04:23.000Z
Emanuel Fern√°ndez,N/A,N/A,Telcel ya no rifa como antes... üëé√öltima mente la se√±al y los megas ya no gal√°n con la velocidad de antes... Creo ahora tecel se parece a Movistar en ocasiones... A√∫n acabando de rrecargar los datos son una basura 2022 ya ni rifa con Telcel ....28 de octubre de 2022Opini√≥n espont√°nea,2022-10-28T23:56:20.000Z
Marlisis salazar,N/A,N/A,"he estado con esta compania por 8 meses‚Ä¶he estado con esta compania por 8 meses y puedo decir que es el peor del servicio telefonico en el pais y probablemente en el mundo. El website no trabaja, pesima atencion al cliente, menu de opciones por telefono totalmente inutil. La applicacion nunca puede trabaja propiamente ni para hacer un pago ... en fin, he vivido en 5 diferentes paises en Europa, America del norte y El caribe, y nunca habia visto nada tan malo.6 de octubre de 2022Opini√≥n espont√°nea",2022-10-06T22:39:07.000Z
Kiki Rubio,N/A,N/A,Es excelente pero cada vez en los‚Ä¶Es excelente pero cada vez en los paquetes dan menos d√≠as y menos mb para navegar met√≠ un paquete 50 hace 2 d√≠as y solo por mensajear por WhatsApp ya se me acabaron los datos si no paso archivos ni nada de contenido solo texto. Antes la verdad me gustaba mucho y met√≠a has 150 al mes ahora no dura30 de septiembre de 2022Opini√≥n espont√°nea,2022-09-30T20:10:14.000Z
Javier Hern√°ndez,N/A,N/A,Pues nada que decir es que una basura‚Ä¶Pues nada que decir es que una basura pag√°s mucho por el servicio y bastante p√©simo3 de septiembre de 2022Opini√≥n espont√°nea,2022-09-03T23:02:57.000Z
Leo R,N/A,N/A,Cambian los planes a su conveniencia‚Ä¶Cambian los planes a su conveniencia sin avisar Cuando recargas tiempo aire ma√±osamente no te dicen el plan que pagas en el √∫ltimo paso del pago25 de agosto de 2022Opini√≥n espont√°nea,2022-08-25T23:14:03.000Z
JAVIER VELAZQUEZ,N/A,N/A,"Roban con doble cargoNo manchen, que no hay opciones de cero estrellitasEstos tipos son los m√°s malos del mundoJam√°s, jam√°s se les ocurra contratar est√° compa√±√≠a, da muchos problemasMala se√±alCargos dobles a tu tarjetaY cuando quieres reclamar resulta que nadie se hace responsable.Neta, si no quieres problemas, menos no te acerques a ellos10 de agosto de 2022Opini√≥n espont√°nea",2022-08-10T20:42:52.000Z
Luis Felipe Camacho Vidal,N/A,N/A,"Contrate por necesidad el internet en‚Ä¶Contrate por necesidad el internet en casa telcel y la verdad que es un servicio y experiencia de lo peor. Desgastante porque tofos los dias tienes que cimunicarse con esa empresa ya que  la se√±al es pesima lo que no te permite trabajar, ver una pelicula o cualquier cosa que tenga que ver con el internet que por supuesto tendras que pagar.      Tienen un sistema de deteccion de cambio de ubicacion del m√≥dem espantoso ya que casa vez que la se√±al tiene un cambio, sea porque se perdio la se√±al , se fue la luz o cualquier tema que altere la comunicacion mandan un msj diciendo que se detecto el cambio de ubicacion del m√≥dem bloqueando en autom√°tico la se√±al. Tratan al cliente como su fuera un ratero que nada mas quisiera abusar de ellos. Por mas que te comuniques con ellos, les expliques la espantosa experiencia del dia a dia les no les importa ya que no se dignan a realizar una visita al domicilio. Aun cuando la se√±al de internet no esta activa te consumen datos de internet para cobrarte mas dinero del que pactaste al contratar el servicio. De verdad que no entiendo como empresas con ese pesimo servicio son lideres en mexico. Solo ruego que llegue totalplay a mi domicilio para jamas volver a saber de esta compa√±√≠a.7 de agosto de 2022Opini√≥n espont√°nea",2022-08-07T20:04:35.000Z
Javier Lopez,N/A,N/A,"Me prometieron un nuevo celularMe prometieron un nuevo celular, les pagar√≠a 12 mil pesos de 16 y algo m√°s que costaba, me dijeron el el Se√±or que hace esto de dar de alta los tel√©fonos.....""hab√≠a salido a comer , de 2 a 3 pm y que a las 3:30 pm la se√±orita me llamar√≠a para hacer el tramite respectivo"", como no me llamo tuve que ir y QUE CASUALIDAD que ese tel√©fono ya prometido a mi persona ya no estaba a mi disposici√≥n que lo hab√≠an comprometido a quien sabe quien, que poca madre, vengo desde lejos, llego y eso me dicen, y todav√≠a tienen el cinismo de decirme no le llamamos por que ya no tenia caso, o sea juegan con la voluntad del cliente, con tu tiempo, mentiras que explican y no quedan las versi√≥nes o sea se que les vali√≥ madres, se lo dieron a otro que tenia + dinero, pues yo tambi√©n tengo m√°s dinero, para lo que cuesta no lo pague de contado por que tra√≠da dolares EUA, pero tengo TC Am√©rica express Platinum, (as√≠ o m√°s claro), por eso admiro a EUA, voy a comprarlo all√°, mucho mejor, igual de precio PERO con MEGA GARANTIAS, QUEDENSE CON SU MUGROSO TEL√âFONO, EUA ES POR MUCHO MEJOR, Gracias a Dios que tenemos a EUA, a unos pasos.Ustedes si recibieron incentivos yo no, yo solo pagar.30 de julio de 2022Opini√≥n espont√°nea",2022-07-30T04:06:56.000Z
Yovana Rosas,N/A,N/A,"El servicio de internet en celulares es‚Ä¶ nefastoEl servicio de internet en celulares es p√©simo, y desde que entro el 5G esta mucho peor, le batallo demasiado ya que tengo que estar apagando y prendiendo los datos para para que vuelva a funcionar, pero tardo m√°s en hacer esto que en lo que se va internet nuevamente, nefasto el servicio; as√≠ como tambi√©n es nefasto que cada a√±o te cobren una fianza ""por si no pagas"", pero si nunca te atrasas en los pagos y nunca incumples, no tienen porque quedarse con ese dinero, te lo tendr√≠an que reembolsar o tom√°rtelos a cuenta para el pr√≥ximo a√±o, ya que seria lo m√°s gusto y no tenemos porque estarlo pagando cada a√±o.15 de junio de 2022Opini√≥n espont√°nea",2022-06-15T16:58:32.000Z
Carlos Duran Luna,N/A,N/A,"INTERNET EN CASAContrate hace un a√±o internet en casa y mi experiencia ha sido p√©sima, una velocidad de 0.15 MPBS no lo recomiendo para nada, mejor contraten otro servicio y telcel se excusa que es HASTA 1.5 mbps por lo cual no se le puede exigir nada a ellos.3 de junio de 2022Opini√≥n espont√°nea",2022-06-03T21:25:53.000Z
Rebeca Romo,N/A,N/A,"El peor de todosEl peor de todos, la gente no est√° capacitada24 de marzo de 2022Opini√≥n espont√°nea",2022-03-24T19:35:51.000Z
Jindy Rios,N/A,N/A,"RATEROS TELCEL. Me pidieron 3 meses adelantados y no me‚Ä¶Me pidieron 3 meses adelantados y no me los abonaron y ahora quieren que pague si quiero seguir teniendo el servicio y cobraron 2 meses juntos por un solo servicio.justicia divina contra los rateros irresponsables,y los trabajadores incompetentes.19 de marzo de 2022Opini√≥n espont√°nea",2022-03-19T19:43:51.000Z
Mar√≠a Antonieta,N/A,N/A,"El d√≠a 9 de marzo me presente a sus PlantelesEl d√≠a 9 de marzo me presente a su modulo de servicio, fue una experiencia muy agradable pues los asesores de SAMSUNG fueron muy atentos y trataron de ayudarme en algunas cosas si pudieron pero cuando recibo mensjes con alguna liga para entrar no puedo acceder y ellos tampoco pudieron sera mi Cel no es muy actual. Pero yo los FELICITO POR TENER A UN PERSONAL EXCELENTE SALI MUY COMPLACIDA CON SU TRATO Y SERVICIO.11 de marzo de 2022Opini√≥n espont√°nea",2022-03-11T22:43:19.000Z
Pedro Esparza,N/A,N/A,El servicio es pesimo y caro y huelen a‚Ä¶El servicio es pesimo y caro y huelen a caca23 de febrero de 2022Opini√≥n espont√°nea,2022-02-23T15:32:52.000Z
Karla Castillo,N/A,N/A,"Ladr√≥n con permisoEn M√©xico todos los proveedores de servicio son malos, pero estos aparte de malos son rateros con permiso del gobierno.23 de diciembre de 2021Opini√≥n espont√°nea",2021-12-23T08:17:08.000Z
Sergio Castro,N/A,N/A,"P√©sima cobertura en Valle de las‚Ä¶P√©sima cobertura en Valle de las huertas Silao Guanajuato, no es posible tengo 5 D√≠az sin se√±al hagan algo.30 de octubre de 2021Opini√≥n espont√°nea",2021-10-30T21:13:12.000Z
Gabriel Chagoyan,N/A,N/A,"Son una bola de rateros...hambreados y‚Ä¶Son una bola de rateros...hambreados y lo peor, que creo mi perro hace mejor trabajo que sus monos de asistentes ejecutivos..nunc volvere o recomendare a alguien a Telcel...dan verguenza1 de octubre de 2021Opini√≥n espont√°nea",2021-10-01T02:25:04.000Z
Neko,N/A,N/A,Contrate servicio de Internet en casa‚Ä¶Contrate servicio de Internet en casa cama mes pago 399 y la verdad esta baja casa 29 del mes se restaura la velocidad pero no fue as√≠ van varias beses que llevo mi m√≥dem y no hacen nada todo sigue igual31 de agosto de 2021Opini√≥n espont√°nea,2021-08-31T21:02:21.000Z
Avril Saucedo Toranzo,N/A,N/A,"Mal servicioMal servicio, mala atenci√≥n al cliente, mal coordinaci√≥n. Es un completo fraude √©sta empresa. Siempre tengo cargos de m√°s que nadie sabe explicar, cada persona que me atiende da un motivo diferente, para justificar los cargos. Con todo y su tecnolog√≠a, me dicen que tengo que ir a arreglar el problema en una sucursal en espec√≠fico, porque ellos no pueden hacerlo.. la se√±orita con una conducta grosera. Pase lo que pase siempre hay que pagar lo que te dicen y no hay m√°s. Rateros.30 de agosto de 2021Opini√≥n espont√°nea",2021-08-30T21:55:04.000Z
Antonio Salazar,N/A,N/A,"Da asco su servicio ü¶ä de atenci√≥n de‚Ä¶Da asco su servicio ü¶ä de atenci√≥n de clientes, prometen mucho y realizan poco. Igual que Infinitum ya est√° Telcel14 de agosto de 2021Opini√≥n espont√°nea",2021-08-14T19:41:44.000Z
Ismael Garrido Collantes,N/A,N/A,N/A,2025-09-26T16:55:04.000Z
Sarai Amador,N/A,N/A,N/A,2024-10-14T21:36:17.000Z
Eric Cano,N/A,N/A,N/A,2024-07-12T22:18:21.000Z
Mrx Ryz,N/A,N/A,N/A,2024-04-10T05:04:23.000Z
Martin Daniel Guzman Sanchez,N/A,N/A,"Me parece excelente elcambiombio de‚Ä¶Me parece excelente el cambio de compa√±√≠a que realice,porque ofrece mas beneficios como consumidor,ya que me dura mas mi saldo y tengo mayor tiempo de datos15 de julio de 2021Opini√≥n espont√°nea",2021-07-15T16:04:59.000Z
Gustavo Glez,N/A,N/A,Deber√≠an poner los cables que robaron‚Ä¶Deber√≠an poner los cables que robaron de la antena por que no hay buena se√±al y por eso muchos se cambian de compa√±√≠a13 de julio de 2021Opini√≥n espont√°nea,2021-07-13T15:38:11.000Z
Javier Valdes,N/A,N/A,"Pesimo servicio sin etica ni maneras.Telcel Buenavista: Peor experiencia en mi vida, el dia 13 de junio 2021 compre un celular Alcatel por emergencia, al dia siguento tuve que recargar otros $100 el dia 15 el celular empezo a fallar diciendo que la bateria estaba sobrecargada, acudi a Telcel, quise cambiarlo y Omar Ramirez DiazGerente General, pidio que dejara el cell por una semana yo tenia que regresar a mi pais. No quiso entender, solo me vio y sinicamente dijo es como se trabaja en Telcel. Quiza Carlos Slim no sabe que trato dan en ese lugar a los clientes.28 de junio de 2021Opini√≥n espont√°nea",2021-06-28T02:39:18.000Z
JESUS CA√ëEDO,N/A,N/A,"El suscrito he sido cliente Telcel‚Ä¶El suscrito he sido cliente Telcel desde sus inicios por all√° a principios de los 90, mi experiencia siempre a sido buena con el mismo a excepci√≥n de hoy que tuve que mandar m√°s de 100 mensajes sms a distintos n√∫meros por cuestiones de trabajo y Telcel seg√∫n su criterio cancelo mi l√≠nea de prepago por hacer uso indebido de la misma, pregunto que no su publicidad es llamadas y mensajes ilimitados, esto lo cuestione, solo que recib√≠ respuesta totalmente fuera de raz√≥n, si quiere su linea con su numero de vuelta, tiene que contratar una l√≠nea mensual fija, para creer despu√©s de casi 20 a√±os con mi numero, me salen con estas cosas, entonces es publicidad enga√±osa, cuidado con Telcel1 de junio de 2021Opini√≥n espont√°nea",2021-06-01T17:52:24.000Z
Marko Roldan,N/A,N/A,"ME  HICIERON  UN  CARGO  DE  ALGO  QUE ‚Ä¶ME  HICIERON  UN  CARGO  DE  ALGO  QUE  JAMAS  COMPRE O  SOLICITE,  CUANDO  HABLE  A  TELCEL  ELLOS  NO  SE HACEN  RESPONSABLES PERO SI  HACEN  EL  COBRO Y  SI  NO PAGO  ME  CANCELAN LA LINEA.ES UN  VERDADERO FRAUDE.YO  Ped√≠  LA LINEA PARA  HACER LLAMADAS  E INTERNET NO PARA QUE ME COBREN  PORQUE  UNA PIZZERIA O  UNA CASA DE MASAJES LES  PIDE QUE ME COBREN Y  TELCEL MUY Obediente ME OBLIGA A PAGAR UN Servicio  FANTASMA.FRAUDE  ENTRE  TELCEL Y BANDAS DELINCUENCIALES18 de mayo de 2021Opini√≥n espont√°nea",2021-05-18T00:25:34.000Z
Ivon Herrera,N/A,N/A,"PVt0 el que lo leaEs una chulada esta muy chulo, lo recomiemdo mucho yo no se por que otros andan cagando el palo diciendo que no esta chulo ami me gusta, ami hermana tambi√©n, a mi otra hermana tambi√©n, y a su familia de ella tambi√©n vivan y dejen vivir vendiciones solecitos....posdata: (me voy acambiar a pillofon por que el que quiere puede y el que no, critica) besos mis peques üòà4 de mayo de 2021Opini√≥n espont√°nea",2021-05-04T02:28:02.000Z
Maria Luisa Flores Vissuet,N/A,N/A,"Disculpa a vendedora.Ofrezco una disculpa porque pens√© que me hab√≠an cometido fraude con el chip del nuevo celular, pero lo pusieron en el viejo as√≠ que muy lejos de tener una queja agradezco la atenci√≥n tan amable y profesional que me dieron.17 de abril de 2021Opini√≥n espont√°nea",2021-04-17T16:14:18.000Z
Mar√≠a Luisa Flores,N/A,N/A,"Fraude por vendedora. Fui a comprar un celular a TELCEL de‚Ä¶Fui a comprar un celular a TELCEL de Av. Ju√°rez en Toluca y la vendedora me dijo k ten√≠a k poner una recarga de 100$ y marcar a un n√∫mero por minuto y medio, entonces ofreci√≥ k le marcar√° a su n√∫mero. Despu√©s me cambi√≥ mi chip para tener mi anterior n√∫mero y al final se qued√≥ con el chip nuevo k ten√≠a los 100$. Esos vendedores est√°n cometiendo un robo a los clientes por lo k deben ser despedidos.17 de abril de 2021Opini√≥n espont√°nea",2021-04-17T10:20:13.000Z
Diana,N/A,N/A,"Telcel no aplica cambios sobre los‚Ä¶Telcel no aplica cambios sobre los errores cometidos por ellos y sin embargo te cobra por hacer el cambio tu. Si realizas una compra en su plataforma o cualquier otra y ellos te aplican otro servicio ni te generan un rembolso ni hacen alg√∫n cambio, esto fue citado por C√©sar P√©rez, de atenci√≥n a clientes, aclarando que las ganancias sus ganancias son por errores30 de marzo de 2021Opini√≥n espont√°nea",2021-03-30T20:48:01.000Z
Fernando Mart√≠nez,N/A,N/A,"Hace rato ten√≠a una clase muy‚Ä¶Hace rato ten√≠a una clase muy importante y debido a que hay muy mala se√±al, la perd√≠ y me moleste, su compa√±√≠a queriendo poner la 5G y aun no arreglan a las zonas aisladas19 de marzo de 2021Opini√≥n espont√°nea",2021-03-19T01:57:21.000Z
Ann Sugar,N/A,N/A,"Son extremadamente abusivosSon extremadamente abusivos, su servicio al cliente es malisimo, casi todas las rese√±as terminan siendo pesimas y no se molestan en intentar limpiar su imagen como empresa lo mas minimo, me parece una ofensa para todos sus clientes.18 de febrero de 2021Opini√≥n espont√°nea",2021-02-18T01:22:48.000Z
Adrian Aranda,N/A,N/A,Rateros con charolaTodo mundo sabe que telcel es ha sido y siempre sera un ratero con prrmiso del gobierno.15 de febrero de 2021Opini√≥n espont√°nea,2021-02-15T12:01:47.000Z
Marino Milpas Contreras,N/A,N/A,"RECARGASAL REALIZAR UNA RECARGA NO ESPLICAN POR QUE TIENEN QUE CAMBIAR DE PAQUETE, POR TELEFONO NO PERMITEN CORREGIR EL PAQUETE.8 de febrero de 2021Opini√≥n espont√°nea",2021-02-08T19:30:04.000Z
Claudia Guadalupe Camarena,N/A,N/A,"Acud√≠ a una sucursal en AJIJIC JaliscoAcud√≠ a una sucursal en AJIJIC Jalisco, para adquirir un equipo lo m√°s convencional posible porque es para m√≠ mam√° (persona de la tercera edad que no tiene muchas nociones tecnol√≥gicas), un empleado de nombre Demian me trat√≥ muy mal me discrimo s√≥lo por el hecho de que mi compra ser√≠a de un bajo costo, adem√°s observ√© que es muy racista, llegaron una pareja de norteamericanos de muy avanzada edad y pese a las medidas de contenci√≥n por covid, los dej√≥ ingresar juntos pese a que est√© restringido el acceso a m√°s de un integrante, a simple vista se notaba que superan los 70 a√±os y sin importarle todav√≠a los acompa√±√≥ hasta las cajas, p√©simo servicio.1 de febrero de 2021Opini√≥n espont√°nea",2021-02-01T19:29:32.000Z
Arath De la torre,N/A,N/A,Aparte de ser caro sus paquetes dejan‚Ä¶Aparte de ser caro sus paquetes dejan mucho que desear casi no tienen cobertura lo que mas odio ya que estoy jugando en linea y derrepente se va la se√±al no tiene mucha recepci√≥n p√©simo servicio es el peor24 de enero de 2021Opini√≥n espont√°nea,2021-01-24T03:30:12.000Z
David Montelongo,N/A,N/A,Acabo de contratar un servicio r√°pido‚Ä¶Acabo de contratar un servicio r√°pido de internet y cual fue mi sorpresa que no funciono para nada y fui referido a servicio al cliente en G√≥mez palacio Durango y ah√≠ me dijeron que yo ten√≠a que buscar la se√±al en cualquier lugar de la casa yo dije que si no ten√≠a el servicio no pagar√≠a y me amenazarin con una demanda si no cumplo con mi pago mensual aun sin tener el servicio por el cual pague 2600.00 pesos de inicio y aun tengo que pagar una multa y el servicio ni sus luces. Mi recomendaci√≥n es no usar ese servicio basura.9 de enero de 2021Opini√≥n espont√°nea,2021-01-09T03:20:45.000Z
Carlos L√≥pez Flores,N/A,N/A,"Muy mala la cobertura seg√∫n me marca 4g‚Ä¶Muy mala la cobertura seg√∫n me marca 4g y es como si apenas tuviera 3g muy mala todo , no llega bien la cobertura y siempre se va cuando tengo 4g se pone sin cobertura8 de enero de 2021Opini√≥n espont√°nea",2021-01-08T04:51:50.000Z
Raul Santiago Hernandez Toledo,N/A,N/A,"Soluci√≥n al ""Grupo de-Club de Genios""Hola.Buenos dias, les agradesco la atenci√≥n que tuvieron a mi problema, ""en la sucursal de atenci√≥n al cliente"" en Unidad de San Roque(Walrmat)"" en Irapuato Guanajuato.30 de diciembre de 2020Opini√≥n espont√°nea",2020-12-30T17:32:21.000Z
Mariela Contreras Jarquin,N/A,N/A,Internet en casaLlevo 2 d√≠as intentando conectar un servicio de internet en casa que compr√© y a√∫n con 2 horas de espera telef√≥nica no he podido resolver nada. Son ineficientes y dan un p√©simo servicio22 de diciembre de 2020Opini√≥n espont√°nea,2020-12-22T19:19:09.000Z
DISMAN Cincuenta,N/A,N/A,"Odio esta compa√±ia puedo tener 4g y es‚Ä¶Odio esta compa√±ia puedo tener 4g y es como si tubiera 3g, es super lenta su compa√±ia10 de diciembre de 2020Opini√≥n espont√°nea",2020-12-10T04:49:37.000Z
